# ************************************************************
# Sequel Pro SQL dump
# バージョン 4541
#
# http://www.sequelpro.com/
# https://github.com/sequelpro/sequelpro
#
# ホスト: 13.114.22.165 (MySQL 5.7.26)
# データベース: makalog_production
# 作成時刻: 2019-06-27 06:06:06 +0000
# ************************************************************


/*!40101 SET @OLD_CHARACTER_SET_CLIENT=@@CHARACTER_SET_CLIENT */;
/*!40101 SET @OLD_CHARACTER_SET_RESULTS=@@CHARACTER_SET_RESULTS */;
/*!40101 SET @OLD_COLLATION_CONNECTION=@@COLLATION_CONNECTION */;
/*!40101 SET NAMES utf8 */;
/*!40014 SET @OLD_FOREIGN_KEY_CHECKS=@@FOREIGN_KEY_CHECKS, FOREIGN_KEY_CHECKS=0 */;
/*!40101 SET @OLD_SQL_MODE=@@SQL_MODE, SQL_MODE='NO_AUTO_VALUE_ON_ZERO' */;
/*!40111 SET @OLD_SQL_NOTES=@@SQL_NOTES, SQL_NOTES=0 */;


# テーブルのダンプ ar_internal_metadata
# ------------------------------------------------------------

DROP TABLE IF EXISTS `ar_internal_metadata`;

CREATE TABLE `ar_internal_metadata` (
  `key` varchar(255) NOT NULL,
  `value` varchar(255) DEFAULT NULL,
  `created_at` datetime NOT NULL,
  `updated_at` datetime NOT NULL,
  PRIMARY KEY (`key`)
) ENGINE=InnoDB DEFAULT CHARSET=utf8 ROW_FORMAT=DYNAMIC;

LOCK TABLES `ar_internal_metadata` WRITE;
/*!40000 ALTER TABLE `ar_internal_metadata` DISABLE KEYS */;

INSERT INTO `ar_internal_metadata` (`key`, `value`, `created_at`, `updated_at`)
VALUES
	('environment','production','2019-05-24 10:04:53','2019-05-24 10:04:53');

/*!40000 ALTER TABLE `ar_internal_metadata` ENABLE KEYS */;
UNLOCK TABLES;


# テーブルのダンプ areas
# ------------------------------------------------------------

DROP TABLE IF EXISTS `areas`;

CREATE TABLE `areas` (
  `id` int(11) NOT NULL AUTO_INCREMENT,
  `name` varchar(255) DEFAULT NULL,
  `prefecture` int(11) DEFAULT NULL,
  `created_at` datetime NOT NULL,
  `updated_at` datetime NOT NULL,
  PRIMARY KEY (`id`)
) ENGINE=InnoDB DEFAULT CHARSET=utf8 ROW_FORMAT=DYNAMIC;

LOCK TABLES `areas` WRITE;
/*!40000 ALTER TABLE `areas` DISABLE KEYS */;

INSERT INTO `areas` (`id`, `name`, `prefecture`, `created_at`, `updated_at`)
VALUES
	(1,'渋谷区',13,'2019-05-24 10:05:06','2019-05-24 10:05:06'),
	(2,'中央区',13,'2019-05-24 10:05:06','2019-05-24 10:05:06'),
	(3,'千代田区',13,'2019-05-24 10:05:06','2019-05-24 10:05:06'),
	(4,'港区',13,'2019-05-24 10:05:06','2019-05-24 10:05:06'),
	(5,'新宿区',13,'2019-05-24 10:05:06','2019-05-24 10:05:06'),
	(6,'中野区・杉並区',13,'2019-05-24 10:05:06','2019-05-24 10:05:06'),
	(7,'目黒区・世田谷区',13,'2019-05-24 10:05:06','2019-05-24 10:05:06'),
	(8,'品川区・大田区',13,'2019-05-24 10:05:06','2019-05-24 10:05:06'),
	(9,'豊島区・文京区',13,'2019-05-24 10:05:06','2019-05-24 10:05:06'),
	(10,'台東区・荒川区',13,'2019-05-24 10:05:06','2019-05-24 10:05:06'),
	(11,'足立区・葛飾区',13,'2019-05-24 10:05:06','2019-05-24 10:05:06'),
	(12,'江東区・墨田区・江戸川区',13,'2019-05-24 10:05:06','2019-05-24 10:05:06'),
	(13,'北区・板橋区・練馬区',13,'2019-05-24 10:05:06','2019-05-24 10:05:06'),
	(14,'武蔵野・調布エリア',13,'2019-05-24 10:05:06','2019-05-24 10:05:06'),
	(15,'八王子・町田エリア',13,'2019-05-24 10:05:06','2019-05-24 10:05:06'),
	(16,'立川エリア',13,'2019-05-24 10:05:06','2019-05-24 10:05:06'),
	(17,'東京都その他',13,'2019-05-24 10:05:06','2019-05-24 10:05:06'),
	(18,'横浜市西区',14,'2019-05-24 10:05:06','2019-05-24 10:05:06'),
	(19,'横浜市神奈川区',14,'2019-05-24 10:05:06','2019-05-24 10:05:06'),
	(20,'横浜市中区',14,'2019-05-24 10:05:06','2019-05-24 10:05:06'),
	(21,'横浜市青葉区',14,'2019-05-24 10:05:06','2019-05-24 10:05:06'),
	(22,'横浜市港北区・鶴見区',14,'2019-05-24 10:05:06','2019-05-24 10:05:06'),
	(23,'その他横浜市内',14,'2019-05-24 10:05:06','2019-05-24 10:05:06'),
	(24,'川崎市川崎区・幸区',14,'2019-05-24 10:05:06','2019-05-24 10:05:06'),
	(25,'川崎市中原区',14,'2019-05-24 10:05:06','2019-05-24 10:05:06'),
	(26,'その他川崎市内',14,'2019-05-24 10:05:06','2019-05-24 10:05:06'),
	(27,'湘南エリア',14,'2019-05-24 10:05:06','2019-05-24 10:05:06'),
	(28,'神奈川県その他',14,'2019-05-24 10:05:06','2019-05-24 10:05:06'),
	(29,'名古屋市（栄・新栄・伏見）',23,'2019-05-24 10:05:06','2019-05-24 10:05:06'),
	(30,'名古屋市（名古屋駅周辺）',23,'2019-05-24 10:05:06','2019-05-24 10:05:06'),
	(31,'名古屋市（大須・金山）',23,'2019-05-24 10:05:06','2019-05-24 10:05:06'),
	(32,'その他名古屋市内',23,'2019-05-24 10:05:06','2019-05-24 10:05:06'),
	(33,'尾張',23,'2019-05-24 10:05:06','2019-05-24 10:05:06'),
	(34,'知多',23,'2019-05-24 10:05:06','2019-05-24 10:05:06'),
	(35,'西三河',23,'2019-05-24 10:05:06','2019-05-24 10:05:06'),
	(36,'東三河',23,'2019-05-24 10:05:06','2019-05-24 10:05:06'),
	(37,'梅田・北新地周辺',27,'2019-05-24 10:05:06','2019-05-24 10:05:06'),
	(38,'天満・天神橋・南森町周辺',27,'2019-05-24 10:05:06','2019-05-24 10:05:06'),
	(39,'堂島・中之島周辺',27,'2019-05-24 10:05:06','2019-05-24 10:05:06'),
	(40,'中津・豊崎・大淀周辺',27,'2019-05-24 10:05:06','2019-05-24 10:05:06'),
	(41,'淀屋橋・北浜周辺',27,'2019-05-24 10:05:06','2019-05-24 10:05:06'),
	(42,'天満橋・谷町周辺',27,'2019-05-24 10:05:06','2019-05-24 10:05:06'),
	(43,'心斎橋・南船場・アメ村周辺',27,'2019-05-24 10:05:06','2019-05-24 10:05:06'),
	(44,'なんば・日本橋周辺',27,'2019-05-24 10:05:06','2019-05-24 10:05:06'),
	(45,'堀江・新町・京町堀周辺',27,'2019-05-24 10:05:06','2019-05-24 10:05:06'),
	(46,'福島周辺',27,'2019-05-24 10:05:06','2019-05-24 10:05:06'),
	(47,'天王寺・阿倍野周辺',27,'2019-05-24 10:05:06','2019-05-24 10:05:06'),
	(48,'大阪市内北部',27,'2019-05-24 10:05:06','2019-05-24 10:05:06'),
	(49,'大阪市内南部',27,'2019-05-24 10:05:06','2019-05-24 10:05:06'),
	(50,'大阪市外北部',27,'2019-05-24 10:05:06','2019-05-24 10:05:06'),
	(51,'大阪市外南部',27,'2019-05-24 10:05:06','2019-05-24 10:05:06'),
	(52,'福岡市内中心部',40,'2019-05-24 10:05:06','2019-05-24 10:05:06'),
	(53,'その他福岡市内',40,'2019-05-24 10:05:06','2019-05-24 10:05:06'),
	(54,'福岡県その他',40,'2019-05-24 10:05:06','2019-05-24 10:05:06');

/*!40000 ALTER TABLE `areas` ENABLE KEYS */;
UNLOCK TABLES;


# テーブルのダンプ categories
# ------------------------------------------------------------

DROP TABLE IF EXISTS `categories`;

CREATE TABLE `categories` (
  `id` int(11) NOT NULL AUTO_INCREMENT,
  `name` varchar(255) DEFAULT NULL,
  `created_at` datetime NOT NULL,
  `updated_at` datetime NOT NULL,
  PRIMARY KEY (`id`)
) ENGINE=InnoDB DEFAULT CHARSET=utf8 ROW_FORMAT=DYNAMIC;

LOCK TABLES `categories` WRITE;
/*!40000 ALTER TABLE `categories` DISABLE KEYS */;

INSERT INTO `categories` (`id`, `name`, `created_at`, `updated_at`)
VALUES
	(1,'イタリアン','2019-05-24 10:05:05','2019-05-24 10:05:05'),
	(2,'ピッツェリア','2019-05-24 10:05:05','2019-05-24 10:05:05'),
	(3,'フレンチ','2019-05-24 10:05:05','2019-05-24 10:05:05'),
	(4,'スペイン料理','2019-05-24 10:05:05','2019-05-24 10:05:05'),
	(5,'洋食・西洋料理','2019-05-24 10:05:05','2019-05-24 10:05:05'),
	(6,'和食','2019-05-24 10:05:05','2019-05-24 10:05:05'),
	(7,'寿司','2019-05-24 10:05:05','2019-05-24 10:05:05'),
	(8,'そば・うどん','2019-05-24 10:05:05','2019-05-24 10:05:05'),
	(9,'中華料理','2019-05-24 10:05:05','2019-05-24 10:05:05'),
	(10,'ラーメン','2019-05-24 10:05:05','2019-05-24 10:05:05'),
	(11,'アジア・エスニック','2019-05-24 10:05:05','2019-05-24 10:05:05'),
	(12,'居酒屋・ダイニングバー','2019-05-24 10:05:05','2019-05-24 10:05:05'),
	(13,'バー','2019-05-24 10:05:05','2019-05-24 10:05:05'),
	(14,'カフェ・ベーカリー・スイーツ','2019-05-24 10:05:05','2019-05-24 10:05:05'),
	(15,'焼肉','2019-05-24 10:05:05','2019-05-24 10:05:05'),
	(16,'焼き鳥','2019-05-24 10:05:05','2019-05-24 10:05:05'),
	(17,'専門料理','2019-05-24 10:05:05','2019-05-24 10:05:05'),
	(18,'肉料理','2019-05-24 10:05:05','2019-05-24 10:05:05'),
	(19,'魚料理','2019-05-24 10:05:05','2019-05-24 10:05:05'),
	(20,'その他','2019-05-24 10:05:05','2019-05-24 10:05:05');

/*!40000 ALTER TABLE `categories` ENABLE KEYS */;
UNLOCK TABLES;


# テーブルのダンプ contacts
# ------------------------------------------------------------

DROP TABLE IF EXISTS `contacts`;

CREATE TABLE `contacts` (
  `id` int(11) NOT NULL AUTO_INCREMENT,
  `title` varchar(255) DEFAULT NULL,
  `body` text,
  `email` varchar(255) DEFAULT NULL,
  `created_at` datetime NOT NULL,
  `updated_at` datetime NOT NULL,
  `name` varchar(255) DEFAULT NULL,
  `player` varchar(255) DEFAULT NULL,
  PRIMARY KEY (`id`)
) ENGINE=InnoDB DEFAULT CHARSET=utf8 ROW_FORMAT=DYNAMIC;



# テーブルのダンプ formalities
# ------------------------------------------------------------

DROP TABLE IF EXISTS `formalities`;

CREATE TABLE `formalities` (
  `id` int(11) NOT NULL AUTO_INCREMENT,
  `name` varchar(255) DEFAULT NULL,
  `created_at` datetime NOT NULL,
  `updated_at` datetime NOT NULL,
  PRIMARY KEY (`id`)
) ENGINE=InnoDB DEFAULT CHARSET=utf8 ROW_FORMAT=DYNAMIC;

LOCK TABLES `formalities` WRITE;
/*!40000 ALTER TABLE `formalities` DISABLE KEYS */;

INSERT INTO `formalities` (`id`, `name`, `created_at`, `updated_at`)
VALUES
	(1,'交通費支給','2019-05-24 10:05:05','2019-05-24 10:05:05'),
	(2,'まかないあり','2019-05-24 10:05:05','2019-05-24 10:05:05'),
	(3,'社割あり','2019-05-24 10:05:05','2019-05-24 10:05:05'),
	(4,'研修あり','2019-05-24 10:05:05','2019-05-24 10:05:05'),
	(5,'資格取得支援制度','2019-05-24 10:05:05','2019-05-24 10:05:05'),
	(6,'社員登用有','2019-05-24 10:05:05','2019-05-24 10:05:05'),
	(7,'託児所有り','2019-05-24 10:05:05','2019-05-24 10:05:05'),
	(8,'産休・育休あり','2019-05-24 10:05:05','2019-05-24 10:05:05'),
	(9,'残業なし','2019-05-24 10:05:05','2019-05-24 10:05:05'),
	(10,'送迎あり','2019-05-24 10:05:05','2019-05-24 10:05:05'),
	(11,'社宅・住宅手当有り','2019-05-24 10:05:05','2019-05-24 10:05:05'),
	(12,'長期休暇あり','2019-05-24 10:05:05','2019-05-24 10:05:05'),
	(13,'無期雇用派遣','2019-05-24 10:05:05','2019-05-24 10:05:05'),
	(14,'無期雇用契約','2019-05-24 10:05:05','2019-05-24 10:05:05'),
	(15,'転勤・店舗異動なし','2019-05-24 10:05:05','2019-05-24 10:05:05'),
	(16,'職場変更なし','2019-05-24 10:05:05','2019-05-24 10:05:05'),
	(17,'オープニングスタッフ','2019-05-24 10:05:05','2019-05-24 10:05:05'),
	(18,'バイク通勤OK','2019-05-24 10:05:06','2019-05-24 10:05:06'),
	(19,'リゾート','2019-05-24 10:05:06','2019-05-24 10:05:06'),
	(20,'駅チカ・駅ナカ','2019-05-24 10:05:06','2019-05-24 10:05:06'),
	(21,'車通勤OK','2019-05-24 10:05:06','2019-05-24 10:05:06'),
	(22,'英語が活かせる','2019-05-24 10:05:06','2019-05-24 10:05:06'),
	(23,'住宅','2019-05-24 10:05:06','2019-05-24 10:05:06'),
	(24,'髪型・髪色自由','2019-05-24 10:05:06','2019-05-24 10:05:06'),
	(25,'服装自由','2019-05-24 10:05:06','2019-05-24 10:05:06'),
	(26,'紙・ネイル・ピアスOK','2019-05-24 10:05:06','2019-05-24 10:05:06'),
	(27,'制服有り','2019-05-24 10:05:06','2019-05-24 10:05:06');

/*!40000 ALTER TABLE `formalities` ENABLE KEYS */;
UNLOCK TABLES;


# テーブルのダンプ makanais
# ------------------------------------------------------------

DROP TABLE IF EXISTS `makanais`;

CREATE TABLE `makanais` (
  `id` int(11) NOT NULL AUTO_INCREMENT,
  `name` varchar(255) DEFAULT NULL,
  `price` int(11) DEFAULT NULL,
  `description` text,
  `photo` varchar(255) DEFAULT NULL,
  `maker` varchar(255) DEFAULT NULL,
  `commitment` text,
  `verification_flag` int(11) NOT NULL DEFAULT '0',
  `image_url` text NOT NULL,
  `category_id` int(11) DEFAULT NULL,
  `restaurant_id` int(11) DEFAULT NULL,
  `created_at` datetime NOT NULL,
  `updated_at` datetime NOT NULL,
  PRIMARY KEY (`id`)
) ENGINE=InnoDB DEFAULT CHARSET=utf8 ROW_FORMAT=DYNAMIC;

LOCK TABLES `makanais` WRITE;
/*!40000 ALTER TABLE `makanais` DISABLE KEYS */;

INSERT INTO `makanais` (`id`, `name`, `price`, `description`, `photo`, `maker`, `commitment`, `verification_flag`, `image_url`, `category_id`, `restaurant_id`, `created_at`, `updated_at`)
VALUES
	(2,'漬物',0,'ー',NULL,'ー','ー',1,'22d2c41663.jpg',6,3,'2019-05-27 06:46:41','2019-06-22 00:11:18'),
	(3,'ちらし寿司',0,'ー',NULL,'ー','ー',4,'a58c52a2ee.jpg',6,3,'2019-05-27 06:47:57','2019-06-22 00:12:23'),
	(4,'鯛だしラーメン',0,'ー',NULL,'ー','ー',4,'447daa1411.jpg',6,3,'2019-05-27 06:50:39','2019-06-22 00:12:32'),
	(5,'うにマグロ',0,'ー',NULL,'ー','ー',1,'9bc79d6a45.jpg',6,3,'2019-05-27 06:51:20','2019-05-27 06:51:20'),
	(6,'とろろご飯',0,'ー',NULL,'ー','ー',4,'75955d785b.jpg',6,3,'2019-05-27 06:52:37','2019-06-22 00:12:46'),
	(7,'へしこ茶づけ',0,'ー',NULL,'ー','ー',4,'3aa74beef1.jpg',6,3,'2019-05-27 06:53:47','2019-06-22 00:13:19'),
	(8,'どて焼き',0,'ー',NULL,'ー','ー',4,'d280fa4e90.jpg',18,3,'2019-05-27 06:57:20','2019-06-22 00:13:09'),
	(9,'鯨ユッケ丼',0,'ー',NULL,'ー','ー',1,'724c624e64.jpg',6,3,'2019-05-27 06:58:50','2019-05-27 07:08:22'),
	(10,'鯛のアラ炊き',0,'ー',NULL,'ー','ー',1,'e52721fb48.jpg',6,3,'2019-05-27 06:59:48','2019-05-27 07:08:13'),
	(11,'しらすゆず',0,'ー',NULL,'ー','ー',1,'9fc5bbea29.jpg',6,3,'2019-05-27 07:00:49','2019-05-27 07:08:07'),
	(12,'ちらし寿司',0,'ー',NULL,'ー','ー',1,'175b2fee65.jpg',6,3,'2019-05-27 07:02:14','2019-06-05 03:21:31'),
	(13,'カレーうどん',0,'ー',NULL,'ー','ー',1,'7c0db58a90.jpg',6,3,'2019-05-27 07:03:05','2019-05-27 07:07:54'),
	(14,'＝',0,'ー',NULL,'ー','ー',1,'57367f986f.jpg',6,3,'2019-05-27 07:06:51','2019-05-27 07:07:48'),
	(15,'ローストビーフ',0,'ー',NULL,'ー','ー',1,'bb882a8af8.jpg',18,3,'2019-05-27 07:10:46','2019-05-27 07:13:29'),
	(16,'へしfこ茶漬け',0,'ー',NULL,'ー','ー',1,'14ccc2c770.jpg',6,3,'2019-05-27 07:12:02','2019-06-05 03:21:17'),
	(17,'天ぷら',0,'ー',NULL,'ー','ー',1,'e526d0837e.JPG',6,5,'2019-05-27 09:05:32','2019-05-27 09:11:13'),
	(18,'握り寿司',0,'ー',NULL,'ー','ー',1,'2cf3b56274.JPG',6,5,'2019-05-27 09:06:45','2019-05-27 09:11:07'),
	(19,'天ぷらと握り寿司',0,'ー',NULL,'ー','ー',1,'6506e7103c.JPG',6,5,'2019-05-27 09:08:37','2019-05-27 09:11:03'),
	(20,'オムライス',0,'ー',NULL,'ー','ー',1,'4e206c5156.JPG',5,5,'2019-05-27 09:09:27','2019-05-27 09:10:51'),
	(21,'オムライス',0,'ー',NULL,'ー','ー',1,'dbfc02fee6.JPG',5,4,'2019-05-27 09:18:46','2019-05-27 09:22:13'),
	(22,'まぜそば',0,'ー',NULL,'ー','ー',1,'7f869cb582.JPG',9,4,'2019-05-27 09:19:35','2019-05-27 09:22:07'),
	(23,'鶏鍋',0,'ー',NULL,'ー','ー',1,'2076b9bf8b.JPG',6,4,'2019-05-27 09:20:30','2019-05-27 09:22:02'),
	(24,'天ぷら',0,'ー',NULL,'ー','ー',1,'b0935c4212.JPG',6,4,'2019-05-27 09:21:16','2019-05-27 09:21:57'),
	(25,'担々麺',0,'ー',NULL,'ー','ー',1,'79b31c9380.png',9,6,'2019-05-27 14:22:20','2019-05-27 14:32:29'),
	(26,'担々麺',0,'ー',NULL,'ー','ー',1,'9520b665af.JPG',9,6,'2019-05-27 14:23:11','2019-05-29 14:20:06'),
	(27,'担々麺',0,'ー',NULL,'ー','ー',1,'51eb538f01.JPG',9,6,'2019-05-27 14:23:49','2019-05-27 14:32:13'),
	(28,'鶏チャーシューメン',0,'ー',NULL,'ー','ー',1,'a6bf9ee895.png',9,6,'2019-05-27 14:25:09','2019-05-29 14:20:02'),
	(29,'ラフテー丼',0,'ー',NULL,'ー','ー',1,'37766ba694.jpeg',18,7,'2019-05-27 23:09:53','2019-05-27 23:10:48'),
	(30,'ー',0,'ー',NULL,'ー','ー',1,'6a284b5a22.JPG',20,8,'2019-05-27 23:27:26','2019-05-27 23:28:34'),
	(31,'ゴーヤチャンプルー',0,'ー',NULL,'ー','ー',1,'3e73a6dc80.jpeg',6,8,'2019-05-27 23:28:07','2019-05-27 23:28:30'),
	(32,'海鮮丼',0,'ー',NULL,'ー','ー',1,'d09bdcba93.JPG',19,9,'2019-05-27 23:47:26','2019-05-27 23:53:16'),
	(33,'天ぷら',0,'ー',NULL,'ー','ー',1,'d9fe41d721.JPG',6,9,'2019-05-27 23:48:05','2019-05-27 23:53:08'),
	(34,'刺身',0,'ー',NULL,'ー','ー',1,'bdd8bf9959.JPG',19,9,'2019-05-27 23:48:54','2019-05-27 23:53:01'),
	(35,'刺身',0,'ー',NULL,'ー','ー',1,'92212cca8e.JPG',19,9,'2019-05-27 23:50:28','2019-05-27 23:52:54'),
	(36,'ラーメン/親子丼',0,'ー',NULL,'ー','ー',1,'536d6f04af.JPG',9,9,'2019-05-27 23:51:28','2019-05-27 23:52:49'),
	(37,'ハンバーグ',0,'ー',NULL,'ー','ー',1,'1728059ae3.JPG',5,9,'2019-05-27 23:52:20','2019-05-27 23:52:43'),
	(38,'天然マグロ丼',0,'日本各地の朝取れたばかりの魚を空輸してくるため、非常に新鮮な魚を食べることができます。鮮度の問題から通常では市場流通できない珍しい魚まで、いろいろな魚を楽しめます。',NULL,'ー','マグロ丼は\r\n天然のマグロを豪華に使用し、羽田市場のオリジナル特製のゴマダレを使用しています‼\r\n\r\n★天然のマグロを使用した\r\nマグロラーメン・ハンバーグも大人気です♪',1,'92c572ff04.jpg',19,10,'2019-05-28 07:29:11','2019-05-28 07:55:05'),
	(39,'鯛だしラーメン',0,'ー',NULL,'ー','ー',1,'5e7f061a6a.jpg',6,3,'2019-05-28 13:42:56','2019-05-28 13:43:32'),
	(40,'親方おまかせ握り寿司',0,'日本各地の朝取れたばかりの魚を空輸してくるため、非常に新鮮な魚を食べることができます。鮮度の問題から通常では市場流通できない珍しい魚まで、いろいろな魚を楽しめます。',NULL,'','',1,'6129ceadd5.jpeg',19,11,'2019-05-28 14:03:42','2019-06-24 18:23:10'),
	(41,'スリランカカレー',0,'.',NULL,'.','.',1,'d9e78f35e0.jpg',5,12,'2019-06-06 08:58:23','2019-06-06 09:08:23'),
	(42,'.',0,'.',NULL,'.','.',1,'7bf63eff8f.jpg',5,13,'2019-06-07 05:18:01','2019-06-07 05:24:04'),
	(43,'石焼鴨ねぎ飯',0,'当店人気の御飯！石焼鴨ねぎめし！味が３回変わり楽しめるリピーター多しの石焼です！',NULL,'ニタ　ヤスシ','味よし！パフォーマンスよし！コスパよし！の３拍子！！',1,'6ed0620a96.JPG',18,14,'2019-06-12 05:13:37','2019-06-12 05:15:03'),
	(44,'若鳥の塩焼き～レモンピールを添えて～',0,'.\r\n',NULL,',',',',1,'d68496ff4e.jpg',5,15,'2019-06-13 06:55:48','2019-06-13 06:56:03'),
	(45,'特製ダレ　チキン南蛮',0,'.',NULL,'.','.',1,'0c0d4f5682.jpg',5,16,'2019-06-13 08:22:52','2019-06-13 11:46:55'),
	(46,'チーズソースオムライス',0,'.',NULL,'.','.',1,'a50bb46866.jpg',5,16,'2019-06-13 08:23:58','2019-06-13 11:46:44'),
	(47,'餡かけ鳥',0,'.',NULL,'.','.',1,'07aec6aa43.jpg',6,18,'2019-06-14 03:39:53','2019-06-14 04:18:11'),
	(48,'へぎそば',0,'.',NULL,'.','.',1,'82ded9bc11.jpg',6,18,'2019-06-14 03:40:34','2019-06-14 04:16:47'),
	(49,'かつ丼',0,'.',NULL,'.','.',1,'19b850e1c5.jpg',6,18,'2019-06-14 03:41:06','2019-06-14 04:16:38'),
	(50,'親子丼',0,'.',NULL,'.','.',1,'ae02f0f753.jpg',5,19,'2019-06-14 04:21:13','2019-06-14 07:55:43'),
	(51,'オムライス',0,'.',NULL,'.','.',1,'1f1466f718.jpg',5,19,'2019-06-14 04:25:45','2019-06-14 07:55:33'),
	(52,'から揚げ定食',0,'.',NULL,'.','.',1,'6710e45395.jpg',6,20,'2019-06-14 05:23:59','2019-06-14 07:54:30'),
	(53,'本格インドカレー',0,'.',NULL,'.','.',1,'2fb1d5cabe.jpg',5,21,'2019-06-14 05:40:19','2019-06-14 07:54:56'),
	(54,'オーガニックサラダ',0,'.',NULL,'.','.',1,'7072c38c6f.jpg',20,22,'2019-06-14 08:10:29','2019-06-14 10:02:38'),
	(55,'鯛のあら炊き',0,'ー',NULL,'ー','ー',4,'d91dfd1a62.jpg',19,3,'2019-06-14 23:25:44','2019-06-22 00:12:54'),
	(56,'麦とろろご飯',0,'ー',NULL,'ー','ー',1,'78022625f6.jpg',6,3,'2019-06-14 23:29:15','2019-06-14 23:29:32'),
	(57,'味噌田楽',0,'ー',NULL,'ー','ー',1,'96820f65ee.jpg',6,3,'2019-06-14 23:31:27','2019-06-14 23:35:21'),
	(58,'串カツ',0,'揚八名物串カツ！',NULL,'店長','お店で出してる串カツがまかないで！',1,'2e8ab60b8d.jpeg',6,24,'2019-06-24 07:03:35','2019-06-24 07:03:53'),
	(59,'親方おまかせ寿司',0,'全国的から選りすぐりの鮮魚を贅沢に使用！\r\n鮨はシャリにオリジナルの赤酢を使用仕手おります。',NULL,'ー','羽田市場の超速鮮魚®を使用した数々の魚料理とベテラン職人が握る本格的なお鮨です。 ',1,'81d8f98349.jpeg',19,11,'2019-06-24 17:50:13','2019-06-24 18:22:54'),
	(60,'寿司',0,'人気NO.1の寿司',NULL,'ー','ー',1,'1de6f5145c.jpeg',19,11,'2019-06-24 18:01:08','2019-06-24 18:22:43'),
	(61,'刺身定食',0,'.',NULL,'.','.',1,'7883dafa95.jpg',6,26,'2019-06-26 15:07:46','2019-06-26 15:08:10'),
	(62,'.',0,'.',NULL,'.','.',1,'073f12c103.jpg',18,27,'2019-06-26 15:18:28','2019-06-27 02:49:16'),
	(63,'から揚げ定食',0,'.',NULL,'.','.',1,'554922c584.jpg',6,28,'2019-06-27 04:10:24','2019-06-27 05:32:22'),
	(64,'肉寿司',0,'.',NULL,'.','.',1,'d99d8d8a40.jpg',18,29,'2019-06-27 04:28:49','2019-06-27 05:31:53');

/*!40000 ALTER TABLE `makanais` ENABLE KEYS */;
UNLOCK TABLES;


# テーブルのダンプ restaurant_areas
# ------------------------------------------------------------

DROP TABLE IF EXISTS `restaurant_areas`;

CREATE TABLE `restaurant_areas` (
  `id` int(11) NOT NULL AUTO_INCREMENT,
  `restaurant_id` int(11) DEFAULT NULL,
  `area_id` int(11) DEFAULT NULL,
  `created_at` datetime NOT NULL,
  `updated_at` datetime NOT NULL,
  PRIMARY KEY (`id`)
) ENGINE=InnoDB DEFAULT CHARSET=utf8 ROW_FORMAT=DYNAMIC;

LOCK TABLES `restaurant_areas` WRITE;
/*!40000 ALTER TABLE `restaurant_areas` DISABLE KEYS */;

INSERT INTO `restaurant_areas` (`id`, `restaurant_id`, `area_id`, `created_at`, `updated_at`)
VALUES
	(3,3,44,'2019-05-27 06:22:10','2019-05-27 06:22:10'),
	(4,4,44,'2019-05-27 07:54:44','2019-05-27 07:54:44'),
	(5,5,49,'2019-05-27 08:47:13','2019-05-27 08:47:13'),
	(6,6,47,'2019-05-27 14:20:23','2019-05-27 14:20:23'),
	(7,7,47,'2019-05-27 23:08:46','2019-05-27 23:08:46'),
	(8,8,48,'2019-05-27 23:25:46','2019-05-27 23:25:46'),
	(9,9,47,'2019-05-27 23:46:10','2019-05-27 23:46:10'),
	(14,1,2,'2019-05-30 05:39:34','2019-05-30 05:39:34'),
	(18,13,3,'2019-06-07 05:11:06','2019-06-07 05:11:06'),
	(19,14,6,'2019-06-12 05:06:57','2019-06-12 05:06:57'),
	(20,15,4,'2019-06-13 06:46:33','2019-06-13 06:46:33'),
	(21,16,1,'2019-06-13 08:21:17','2019-06-13 08:21:17'),
	(22,12,1,'2019-06-13 09:35:24','2019-06-13 09:35:24'),
	(24,17,3,'2019-06-13 12:50:37','2019-06-13 12:50:37'),
	(25,18,4,'2019-06-14 03:18:45','2019-06-14 03:18:45'),
	(26,19,1,'2019-06-14 03:55:49','2019-06-14 03:55:49'),
	(27,20,1,'2019-06-14 04:39:08','2019-06-14 04:39:08'),
	(28,21,54,'2019-06-14 05:39:01','2019-06-14 05:39:01'),
	(29,22,1,'2019-06-14 08:08:33','2019-06-14 08:08:33'),
	(30,23,7,'2019-06-19 08:50:59','2019-06-19 08:50:59'),
	(32,24,37,'2019-06-20 07:30:44','2019-06-20 07:30:44'),
	(33,25,3,'2019-06-21 14:54:43','2019-06-21 14:54:43'),
	(42,10,2,'2019-06-24 17:08:28','2019-06-24 17:08:28'),
	(52,11,2,'2019-06-24 18:05:20','2019-06-24 18:05:20'),
	(53,26,5,'2019-06-26 14:59:13','2019-06-26 14:59:13'),
	(54,27,5,'2019-06-26 15:14:21','2019-06-26 15:14:21'),
	(55,28,3,'2019-06-27 04:07:24','2019-06-27 04:07:24'),
	(56,29,4,'2019-06-27 04:26:11','2019-06-27 04:26:11');

/*!40000 ALTER TABLE `restaurant_areas` ENABLE KEYS */;
UNLOCK TABLES;


# テーブルのダンプ restaurant_formalities
# ------------------------------------------------------------

DROP TABLE IF EXISTS `restaurant_formalities`;

CREATE TABLE `restaurant_formalities` (
  `id` int(11) NOT NULL AUTO_INCREMENT,
  `restaurant_id` int(11) DEFAULT NULL,
  `formality_id` int(11) DEFAULT NULL,
  `created_at` datetime NOT NULL,
  `updated_at` datetime NOT NULL,
  PRIMARY KEY (`id`)
) ENGINE=InnoDB DEFAULT CHARSET=utf8 ROW_FORMAT=DYNAMIC;

LOCK TABLES `restaurant_formalities` WRITE;
/*!40000 ALTER TABLE `restaurant_formalities` DISABLE KEYS */;

INSERT INTO `restaurant_formalities` (`id`, `restaurant_id`, `formality_id`, `created_at`, `updated_at`)
VALUES
	(3,2,1,'2019-05-27 04:27:56','2019-05-27 04:27:56'),
	(4,3,2,'2019-05-27 06:22:10','2019-05-27 06:22:10'),
	(5,4,2,'2019-05-27 07:54:44','2019-05-27 07:54:44'),
	(6,5,2,'2019-05-27 08:47:13','2019-05-27 08:47:13'),
	(7,6,2,'2019-05-27 14:20:23','2019-05-27 14:20:23'),
	(8,7,2,'2019-05-27 23:08:46','2019-05-27 23:08:46'),
	(9,8,2,'2019-05-27 23:25:46','2019-05-27 23:25:46'),
	(10,9,2,'2019-05-27 23:46:10','2019-05-27 23:46:10'),
	(16,1,1,'2019-05-30 05:39:34','2019-05-30 05:39:34'),
	(17,1,2,'2019-05-30 05:39:34','2019-05-30 05:39:34'),
	(23,13,2,'2019-06-07 05:11:06','2019-06-07 05:11:06'),
	(24,14,2,'2019-06-12 05:06:57','2019-06-12 05:06:57'),
	(25,15,2,'2019-06-13 06:46:33','2019-06-13 06:46:33'),
	(26,16,2,'2019-06-13 08:21:17','2019-06-13 08:21:17'),
	(27,12,1,'2019-06-13 09:35:24','2019-06-13 09:35:24'),
	(28,12,2,'2019-06-13 09:35:24','2019-06-13 09:35:24'),
	(29,12,27,'2019-06-13 09:35:24','2019-06-13 09:35:24'),
	(35,17,1,'2019-06-13 12:50:37','2019-06-13 12:50:37'),
	(36,17,2,'2019-06-13 12:50:37','2019-06-13 12:50:37'),
	(37,17,22,'2019-06-13 12:50:37','2019-06-13 12:50:37'),
	(38,17,24,'2019-06-13 12:50:37','2019-06-13 12:50:37'),
	(39,17,26,'2019-06-13 12:50:37','2019-06-13 12:50:37'),
	(40,18,2,'2019-06-14 03:18:45','2019-06-14 03:18:45'),
	(41,19,2,'2019-06-14 03:55:49','2019-06-14 03:55:49'),
	(42,20,2,'2019-06-14 04:39:08','2019-06-14 04:39:08'),
	(43,21,2,'2019-06-14 05:39:01','2019-06-14 05:39:01'),
	(44,22,2,'2019-06-14 08:08:33','2019-06-14 08:08:33'),
	(45,23,2,'2019-06-19 08:50:59','2019-06-19 08:50:59'),
	(48,24,1,'2019-06-20 07:30:44','2019-06-20 07:30:44'),
	(49,24,2,'2019-06-20 07:30:44','2019-06-20 07:30:44'),
	(50,25,2,'2019-06-21 14:54:43','2019-06-21 14:54:43'),
	(67,10,1,'2019-06-24 17:08:28','2019-06-24 17:08:28'),
	(68,10,2,'2019-06-24 17:08:28','2019-06-24 17:08:28'),
	(87,11,1,'2019-06-24 18:05:20','2019-06-24 18:05:20'),
	(88,11,2,'2019-06-24 18:05:20','2019-06-24 18:05:20'),
	(89,26,2,'2019-06-26 14:59:13','2019-06-26 14:59:13'),
	(90,27,2,'2019-06-26 15:14:21','2019-06-26 15:14:21'),
	(91,28,2,'2019-06-27 04:07:24','2019-06-27 04:07:24'),
	(92,29,2,'2019-06-27 04:26:11','2019-06-27 04:26:11');

/*!40000 ALTER TABLE `restaurant_formalities` ENABLE KEYS */;
UNLOCK TABLES;


# テーブルのダンプ restaurant_stations
# ------------------------------------------------------------

DROP TABLE IF EXISTS `restaurant_stations`;

CREATE TABLE `restaurant_stations` (
  `id` int(11) NOT NULL AUTO_INCREMENT,
  `restaurant_id` int(11) DEFAULT NULL,
  `station_id` int(11) DEFAULT NULL,
  `created_at` datetime NOT NULL,
  `updated_at` datetime NOT NULL,
  PRIMARY KEY (`id`)
) ENGINE=InnoDB DEFAULT CHARSET=utf8 ROW_FORMAT=DYNAMIC;



# テーブルのダンプ restaurants
# ------------------------------------------------------------

DROP TABLE IF EXISTS `restaurants`;

CREATE TABLE `restaurants` (
  `id` int(11) NOT NULL AUTO_INCREMENT,
  `email` varchar(255) NOT NULL,
  `crypted_password` varchar(255) DEFAULT NULL,
  `salt` varchar(255) DEFAULT NULL,
  `category_id` int(11) DEFAULT NULL,
  `created_at` datetime NOT NULL,
  `updated_at` datetime NOT NULL,
  `name` varchar(255) DEFAULT NULL,
  `gender` int(11) DEFAULT NULL,
  `admin_flag` int(11) NOT NULL DEFAULT '0',
  `verification_flag` int(11) NOT NULL DEFAULT '0',
  `birthday` date DEFAULT NULL,
  `hand` int(11) DEFAULT NULL,
  `avatar` text,
  `restaurant_photo1` text,
  `post_number` int(11) DEFAULT NULL,
  `post_number2` varchar(255) DEFAULT NULL,
  `phone_number` varchar(255) DEFAULT NULL,
  `prefecture` varchar(255) DEFAULT NULL,
  `city` varchar(255) DEFAULT NULL,
  `address` varchar(255) DEFAULT NULL,
  `longitude` double DEFAULT NULL,
  `latitude` double DEFAULT NULL,
  `self` text,
  `cover_picture` varchar(255) DEFAULT NULL,
  `court_lat` double DEFAULT NULL,
  `court_lng` double DEFAULT NULL,
  `player_level` float DEFAULT '1',
  `game_point` int(11) DEFAULT '0',
  `encrypted_password` varchar(255) NOT NULL DEFAULT '',
  `reset_password_token` varchar(255) DEFAULT NULL,
  `reset_password_sent_at` datetime DEFAULT NULL,
  `remember_created_at` datetime DEFAULT NULL,
  `sign_in_count` int(11) NOT NULL DEFAULT '0',
  `current_sign_in_at` datetime DEFAULT NULL,
  `last_sign_in_at` datetime DEFAULT NULL,
  `current_sign_in_ip` varchar(255) DEFAULT NULL,
  `last_sign_in_ip` varchar(255) DEFAULT NULL,
  `confirmation_token` varchar(255) DEFAULT NULL,
  `confirmed_at` datetime DEFAULT NULL,
  `confirmation_sent_at` datetime DEFAULT NULL,
  `unconfirmed_email` varchar(255) DEFAULT NULL,
  `failed_attempts` int(11) NOT NULL DEFAULT '0',
  `unlock_token` varchar(255) DEFAULT NULL,
  `locked_at` datetime DEFAULT NULL,
  `provider` varchar(255) DEFAULT NULL,
  `uid` varchar(255) DEFAULT NULL,
  `username` varchar(255) DEFAULT NULL,
  `first_name` varchar(255) DEFAULT NULL,
  `last_name` varchar(255) DEFAULT NULL,
  `bought_flag` tinyint(1) NOT NULL DEFAULT '0',
  `sns_avatar` varchar(255) DEFAULT NULL,
  `introducer_id` int(11) DEFAULT NULL,
  `payjp_id` varchar(255) DEFAULT NULL,
  `twitter_url` varchar(255) DEFAULT NULL,
  `facebook_url` varchar(255) DEFAULT NULL,
  `instagram_url` varchar(255) DEFAULT NULL,
  PRIMARY KEY (`id`),
  UNIQUE KEY `index_members_on_email` (`email`) USING BTREE,
  UNIQUE KEY `index_members_on_unlock_token` (`unlock_token`) USING BTREE,
  KEY `index_members_on_reset_password_token` (`reset_password_token`) USING BTREE
) ENGINE=InnoDB DEFAULT CHARSET=utf8 ROW_FORMAT=DYNAMIC;

LOCK TABLES `restaurants` WRITE;
/*!40000 ALTER TABLE `restaurants` DISABLE KEYS */;

INSERT INTO `restaurants` (`id`, `email`, `crypted_password`, `salt`, `category_id`, `created_at`, `updated_at`, `name`, `gender`, `admin_flag`, `verification_flag`, `birthday`, `hand`, `avatar`, `restaurant_photo1`, `post_number`, `post_number2`, `phone_number`, `prefecture`, `city`, `address`, `longitude`, `latitude`, `self`, `cover_picture`, `court_lat`, `court_lng`, `player_level`, `game_point`, `encrypted_password`, `reset_password_token`, `reset_password_sent_at`, `remember_created_at`, `sign_in_count`, `current_sign_in_at`, `last_sign_in_at`, `current_sign_in_ip`, `last_sign_in_ip`, `confirmation_token`, `confirmed_at`, `confirmation_sent_at`, `unconfirmed_email`, `failed_attempts`, `unlock_token`, `locked_at`, `provider`, `uid`, `username`, `first_name`, `last_name`, `bought_flag`, `sns_avatar`, `introducer_id`, `payjp_id`, `twitter_url`, `facebook_url`, `instagram_url`)
VALUES
	(1,'admin@gmail.com',NULL,NULL,1,'2019-05-24 10:05:07','2019-06-27 05:31:32','admin',NULL,1,0,NULL,NULL,'3bdbe960ce.jpg',NULL,NULL,'123-1234','03-5555-5555','東京都','JR東京駅, 丸ノ内線東京駅','品川区',NULL,NULL,'精肉店です。肉のことならお任せ！',NULL,NULL,NULL,1,0,'$2a$11$o1oGLmOjD4t7scnrDb4JAed/f9O9t1KHx39pwc4JmSUWcNdW0Ehtu',NULL,NULL,NULL,145,'2019-06-27 05:31:32','2019-06-27 02:48:52','153.187.172.56','153.187.172.56',NULL,NULL,NULL,NULL,0,NULL,NULL,NULL,NULL,'精肉店です。肉のことならお任せ！','月~金 24時間営業','土日祝日',0,NULL,NULL,NULL,NULL,NULL,NULL),
	(3,'stud-440.com@docomo.ne.jp',NULL,NULL,6,'2019-05-27 06:22:10','2019-06-17 14:18:31','鯨料理 料亭 西玉水',NULL,0,1,NULL,NULL,'c7b75160a9.png',NULL,NULL,'542-0082','06-6211-6847','大阪府','地下鉄堺筋線　日本橋駅 地下鉄千日前線　日本橋駅 近鉄線　日本橋駅','大阪府大阪市中央区島之内2-17-24',NULL,NULL,'【明治18年創業の、趣ある鯨料理店】\r\n素材にとことんこだわり、本格的な鯨料理をご用意します。\r\n\r\nしっかりと丁寧に下準備を行った、舌触りや食感の良い鯨肉を使用しております。\r\n伝統と歴史が生み出す極上の味わいを、心ゆくまでお楽しみください。',NULL,NULL,NULL,1,0,'$2a$11$fJPW73Wj59jqlO237A5VZOJ0dXRq59hDYtnavPBe8u/ODqD7MSG.q',NULL,NULL,NULL,8,'2019-06-17 14:18:31','2019-06-14 23:24:15','60.98.134.79','60.98.134.79',NULL,NULL,NULL,NULL,0,NULL,NULL,NULL,NULL,'【日本橋駅から徒歩5分】 歴史と伝統が色づく、明治18年創業の鯨料理専門店。 大切な接待や記念日等に','月～土・祝前日\r\n17:00～23:00\r\n（L.O.22:30、ドリンクL.O.22:30）','日曜日\r\n祝日',0,NULL,NULL,NULL,NULL,NULL,NULL),
	(4,'rokkaukei@gmail.com',NULL,NULL,16,'2019-05-27 07:54:44','2019-05-27 09:21:53','居酒屋 鶏家 六角鶏 なんば店',NULL,0,1,NULL,NULL,'d80c595d3c.png',NULL,NULL,'542-0076','06-6643-2113','大阪府','近鉄難波線大阪難波駅 11番出口 徒歩3分  南海本線難波駅 徒歩3分  地下鉄御堂筋線なんば駅 徒歩3分  阪神なんば線大阪難波 徒歩3分 大阪難波駅から228m','大阪市中央区難波３丁目３−７',NULL,NULL,'ー',NULL,NULL,NULL,1,0,'$2a$11$tXxjQfmv2JWKZEfd6ZtTP.164gAvV2RQbdVy3PpdcU8cOsfBnUC9u',NULL,NULL,NULL,2,'2019-05-27 09:17:06','2019-05-27 07:54:44','60.98.134.79','60.98.134.79',NULL,NULL,NULL,NULL,0,NULL,NULL,NULL,NULL,'admin@gmail.com','[月～金]\r\n15：00～24:00(L.O.23:30)\r\n[土、日、祝]\r\n15：00～24:00(L.O.23:30)','不定休(1月1日定休日)',0,NULL,NULL,NULL,NULL,NULL,NULL),
	(5,'yuusei@gmail.com',NULL,NULL,12,'2019-05-27 08:47:13','2019-05-27 09:10:56','日本酒とお魚きっちん　祐星',NULL,0,1,NULL,NULL,'bc5ec06213.png',NULL,NULL,'-','050-5868-5097','大阪府','四ツ橋・本町・西大橋駅から徒歩5分。 新町北公園の近く。 西大橋駅から258m','大阪市西区新町1-18-24 新町フロンティライフビル 1F',NULL,NULL,'-\r\n',NULL,NULL,NULL,1,0,'$2a$11$yI3qNq/jBYQIs5D9T/YDOuNvmzlmZ2E.VZi96cBvYjZKwSeyo.uHm',NULL,NULL,NULL,1,'2019-05-27 08:47:13','2019-05-27 08:47:13','60.98.134.79','60.98.134.79',NULL,NULL,NULL,NULL,0,NULL,NULL,NULL,NULL,'-','ランチ　11：30～14：30　【土曜・日曜･祝日休】\r\nナイト　17：30～23：30　(L.O)【終日】\r\n日曜営業','不定休(1月1・2・3日定休日)',0,NULL,NULL,NULL,NULL,NULL,NULL),
	(6,'shirunashi@gmail.com',NULL,NULL,10,'2019-05-27 14:20:23','2019-05-27 14:26:54','汁なし ゴリラ 阿倍野キューズタウン店',NULL,0,1,NULL,NULL,'8a4662f2ac.png',NULL,NULL,'-','06-6641-6555','大阪府','天王寺駅前駅から154m','大阪市阿倍野区阿倍野筋1-6-1',NULL,NULL,'-',NULL,NULL,NULL,1,0,'$2a$11$ytJLfLLMIWL4q/M3ynGJB.P1dFZsT0kqrCFuniSsSOQ49pjw5czw6',NULL,NULL,NULL,1,'2019-05-27 14:20:23','2019-05-27 14:20:23','60.98.134.79','60.98.134.79',NULL,NULL,NULL,NULL,0,NULL,NULL,NULL,NULL,'-','11:30～23:30','不定休',0,NULL,NULL,NULL,NULL,NULL,NULL),
	(7,'keiton@gmail.com',NULL,NULL,6,'2019-05-27 23:08:45','2019-05-27 23:10:42','鶏豚きっちん 極楽屋',NULL,0,1,NULL,NULL,'917ea80399.png',NULL,NULL,'ー','ー','大阪府','地下鉄堺筋線　日本橋駅 地下鉄千日前線　日本橋駅 近鉄線　日本橋駅','ー',NULL,NULL,'ー',NULL,NULL,NULL,1,0,'$2a$11$tG000tDQLdtDtENrCD1Tw.XTkLM7TJTPVMWGhGv5K3ZbPqGGWHU2S',NULL,NULL,NULL,1,'2019-05-27 23:08:46','2019-05-27 23:08:46','60.98.134.79','60.98.134.79',NULL,NULL,NULL,NULL,0,NULL,NULL,NULL,NULL,'ー','ー','ー',0,NULL,NULL,NULL,NULL,NULL,NULL),
	(8,'torikeiton@gmail.com',NULL,NULL,12,'2019-05-27 23:25:46','2019-05-27 23:28:25','居酒屋 鶏鳥kitchenゆう 布施本店',NULL,0,1,NULL,NULL,'503b8384db.png',NULL,NULL,'577-0056','06-6784-3601','大阪府','近鉄大阪線 布施駅/近鉄奈良線 布施駅','東大阪市長堂1-3-15',NULL,NULL,'＝',NULL,NULL,NULL,1,0,'$2a$11$uROJkYQarr6vWJ9cZ7aG5uNzbImX87O6GxuAEOJIMC2dY2.zeU4cu',NULL,NULL,NULL,1,'2019-05-27 23:25:46','2019-05-27 23:25:46','60.98.134.79','60.98.134.79',NULL,NULL,NULL,NULL,0,NULL,NULL,NULL,NULL,'鶏鳥きっちんゆう布施本店　歓迎会、送別会の新企画を多数ご用意！！','17:00～24:00\r\n（L.O.23:30）','不定休日あり\r\n１月１・２・３日はお休みさせて頂きます。',0,NULL,NULL,NULL,NULL,NULL,NULL),
	(9,'uokeiton@gmail.com',NULL,NULL,12,'2019-05-27 23:46:10','2019-05-27 23:52:39','鶏魚Kitchenゆう キューズタウン店',NULL,0,1,NULL,NULL,'2021a454dc.png',NULL,NULL,'545-0052','06-6641-6555','大阪府','JR 天王寺駅 徒歩1分／地下鉄御堂筋線 天王寺駅 徒歩1分／地下鉄谷町線 天王寺駅 徒歩1分／近鉄南大阪線 大阪阿部野橋駅 徒歩1分','大阪市阿倍野区阿倍野筋1-6-1 あべのキューズモール ヴィアあべのウォーク1F',NULL,NULL,'鶏魚kitchenゆうならではの味と内容をご提供！鶏と魚の国産厳選素材の料理をご堪能ください！産地直送！！（淡路島・紀伊・和歌山・地鶏串などのこだわりが楽しめる！！',NULL,NULL,NULL,1,0,'$2a$11$WBiEmXA7ZPwHjaMX5ffBBeojC5LQLXbkO6JVP2gxZbNE0.H3wCtfO',NULL,NULL,NULL,1,'2019-05-27 23:46:10','2019-05-27 23:46:10','60.98.134.79','60.98.134.79',NULL,NULL,NULL,NULL,0,NULL,NULL,NULL,NULL,'-','ランチ　11:30～14:30\r\n\r\nディナー　17:00～24:00\r\n（L.O.23:30）','不定休日あり\r\n１月１日はお休みさせて頂きます。',0,NULL,NULL,NULL,NULL,NULL,NULL),
	(10,'ginza@hanedaichiba.jp',NULL,NULL,19,'2019-05-28 07:24:27','2019-06-24 18:21:48','羽田市場 銀座直売店',NULL,0,1,NULL,NULL,'6428f16c7d.png',NULL,NULL,'104-0061','03-4582-2394','東京都','地下鉄大江戸線汐留駅　徒歩5分 地下鉄大江戸線築地市場駅　徒歩5分 地下鉄銀座線東銀座駅　徒歩7分 JR新橋駅　徒歩10分 築地市場駅から343m','中央区銀座8-15-6 クリスタルスクエア1F',NULL,NULL,'羽田市場の超速鮮魚®を使用した数々の酒肴とこだわりの日本酒を提供するお店です。魚の加工・調理・ホールサービス業務に興味のある方、 初心者大歓迎！いちから全て教えます！ 飲食店未経験者ももちろん大歓迎！ まかないはなんと…羽田市場名物〝生マグロ丼″や羽田市場が自信を持って取り扱う鮮魚をメインとした数々の献立となってます♪\r\n勤務時間や時給は要相談！',NULL,NULL,NULL,1,0,'$2a$11$1h/gNCJdxxmOHdLKJIqAHO0Feqj8hk/Ztf5L3fl2Km.W4/wslTx/m',NULL,NULL,NULL,9,'2019-06-24 16:49:32','2019-06-24 05:51:55','153.218.176.147','119.245.90.193',NULL,NULL,NULL,NULL,0,NULL,NULL,NULL,NULL,'2018年6月10日(日) 日本テレビの人気番組「シューイチ」で羽田市場銀座直売店が紹介されました！','鮮魚販売・11時～18時\r\n平日ランチタイム ・11:00〜14:00\r\n平日立ち飲み ・16:00～22:00 (LO21:30)\r\n土日祝立ち飲み・ 11:00〜18:00(LO17:30)','年中無休',0,NULL,NULL,NULL,NULL,NULL,NULL),
	(11,'g-seven@hanedaichiba.jp',NULL,NULL,7,'2019-05-28 13:21:59','2019-06-24 18:22:34','羽田市場 GINZA SEVEN',NULL,0,1,NULL,NULL,'4c6d2ee53b.jpeg',NULL,NULL,'104-0061','03-6264-2618','東京都','東銀座駅4出口から徒歩約4分・築地市場駅A3出口から徒歩約4分・ 汐留駅3出口から徒歩約5分','東京都中央区銀座7-14-15 杉山ビルB1F',NULL,NULL,'羽田市場の超速鮮魚®を使用した数々の酒肴やベテラン職人が握る本格的なお鮨と、全国の蔵元から取り寄せた美味しいお酒とのペアリングをコンセプトとしたお店です。\r\n\r\n初心者大歓迎！いちから全て教えます！\r\nお寿司の握りを覚えたい経験者ももちろん大歓迎！\r\n\r\nまかないはなんと…\r\n親方の握る3千円以上は確実にするお寿司の日もあったり！！！\r\n\r\n勤務時間や時給は要相談！',NULL,NULL,NULL,1,0,'$2a$11$W/mi4tQ1bnsr1etvjEN2Uu9ZLdgIvHI5nP0fPVoDtl1FHKMLeg0o6',NULL,NULL,NULL,9,'2019-06-24 17:20:43','2019-06-24 16:30:30','153.218.176.147','153.218.176.147',NULL,NULL,NULL,NULL,0,NULL,NULL,NULL,NULL,'羽田空港を拠点に空輸を中心とした 鮮魚流通を構築している羽田市場が 銀座7丁目に出した寿司割烹。','[月~金] \r\nディナー:17:00〜22:00 (LO21:30)','毎週土曜日・日曜日',0,NULL,NULL,NULL,NULL,NULL,NULL),
	(12,'info@bartsubomi.com',NULL,NULL,13,'2019-06-06 08:55:28','2019-06-14 02:13:33','japanesewhisky&spirits Bar 蕾  ',NULL,0,1,NULL,NULL,'f46ba48639.jpg',NULL,NULL,' 150043','03-6427-8146','東京都','渋谷駅','渋谷区道玄坂1-19-6 津田ソシアルビル B1F',NULL,NULL,'夜はジャパニーズウイスキー、昼はスリランカカレーを提供するbar！\r\n油、添加物は一切使用しないサラサラタイプでじわじわと内側から巡る感じのヘルシー＆デトックスカレーです！\r\nbarタイム17～19時はハッピーアワーでチャージ無料＆すべてのジャパニーズウイスキーがハーフショットで楽しめます！',NULL,NULL,NULL,1,0,'$2a$11$zaSpVt6DB5AfwIwksvvT8.G/.WbneYsOQssWPs9E/zK30E2gewja6',NULL,NULL,NULL,4,'2019-06-14 02:13:33','2019-06-13 09:28:32','124.35.61.88','175.177.5.177',NULL,NULL,NULL,NULL,0,NULL,NULL,NULL,NULL,'渋谷、神泉、道玄坂。ちょうど真ん中辺りにある、 spirits・whiskyを愉しめるbarです。','［月～金］\r\n11:30～15:00／17:00～24:00\r\n［土］\r\n17:00～24:00\r\n','日曜、祝日',0,NULL,NULL,NULL,NULL,NULL,NULL),
	(13,'champ.official@outlook.com',NULL,NULL,14,'2019-06-07 05:11:06','2019-06-13 10:50:34','#CHAMP!',NULL,0,1,NULL,NULL,'898de60e3d.jpg',NULL,NULL,'.','.','東京都','.','.',NULL,NULL,'東京都内に活動拠点を構え、2019年にオープン。\r\nアメリカンカフェやバー、アメリカの雑貨屋をモチーフとした、世界に1台のみのインパクトあるデザインの木造キッチンカーです。\r\n是非、1度食べに来てください♪',NULL,NULL,NULL,1,0,'$2a$11$vvBQUENRhk1zoqm1lDvv7uwdpeFAMHV2WB3wVB52dSXy0sAlCTAXW',NULL,NULL,NULL,3,'2019-06-13 10:50:34','2019-06-13 08:32:32','110.132.159.128','182.251.21.175',NULL,NULL,NULL,NULL,0,NULL,NULL,NULL,NULL,'平日ランチ営業、イベント出店、ケータリングを行っております！','.','.',0,NULL,NULL,NULL,NULL,NULL,NULL),
	(14,'ya-jin@jcom.home.ne.jp',NULL,NULL,16,'2019-06-12 05:06:57','2019-06-12 05:14:58','炭火台所　鶏丸',NULL,0,1,NULL,NULL,'00ee18e417.jpg',NULL,NULL,'1670023','08042020505','東京都','南阿佐ヶ谷','杉並区',NULL,NULL,'最高級の備長炭で焼き上げた新鮮でジューシーな炭火焼き鳥,鶏は千葉県銘柄鳥の水郷赤鶏を使用、その他、熊本馬刺しや、鶏ガラスープの鶏丸水餃子、石焼き鴨ネギ飯などの手料理も多数ございます。また、とれたての新鮮野菜も色々入荷して、日替わり料理でお楽しみいただけます！厳選した日本酒や自家製果実酒と楽しむもよし、お食事だけ楽しむもよし！おひとりさま～貸切ご宴会までシーンに合わせてお気軽にお越しください',NULL,NULL,NULL,1,0,'$2a$11$QoFdKJ2yENz31mxAY3hDduo58FH45nqPsLBWQXLancoLaRiqWKYji',NULL,NULL,NULL,1,'2019-06-12 05:06:57','2019-06-12 05:06:57','42.146.135.241','42.146.135.241',NULL,NULL,NULL,NULL,0,NULL,NULL,NULL,NULL,'上質地鶏の炭火焼きと旬の手料理、厳選日本酒のお店','１７時～２４時半','木曜日',0,NULL,NULL,NULL,NULL,NULL,NULL),
	(15,'yamakan2677@ezweb.ne.jp',NULL,NULL,5,'2019-06-13 06:46:33','2019-06-13 06:55:51','FUGA　Dinning',NULL,0,1,NULL,NULL,'e00b1a7428.jpg',NULL,NULL,'1070052','05055972523','東京都','東京メトロ千代田線赤坂駅','東京都 港区 赤坂 2-20-19 赤坂菅井ビル１階Ｂ室',NULL,NULL,'非常に気さくで、フレンドリーな空間が魅力的な「FUGA Dining」。フレンチで8年修行したトルコ人シェフが作る料理は絶品で、素材の味をしっかりと活かしつつ真心込めて提供しています。メインディッシュや前菜、一品料理とメニューも幅広く、おまかせでシェフにリクエストすることも可能。週末はベリーダンスも開催され、料理以外にも楽しめる要素が満載。居心地のよい空間で、楽しいひとときをお過ごしください♪',NULL,NULL,NULL,1,0,'$2a$11$dFFRHfvXO3k0St78.Bg7/.tGy3VPiguDinhxA92KTpXm8QPBr7rqK',NULL,NULL,NULL,1,'2019-06-13 06:46:33','2019-06-13 06:46:33','182.251.21.175','182.251.21.175',NULL,NULL,NULL,NULL,0,NULL,NULL,NULL,NULL,'【赤坂駅5分】フレンチで8年修行したシェフが織り成す一品を、心地良いフランクな空間で提供','[月〜土]\r\nLunch 11:30〜14:00(L.O.)\r\nCafe 14:00〜17:00(L.O.)\r\nDinner 17:00〜24:00(L.O.)\r\n\r\n[日・祝]\r\nDinner 17:00〜24:00(L.O)\r\n','不定休',0,NULL,NULL,NULL,NULL,NULL,NULL),
	(16,'mitsuhirokurosaki@gmail.com',NULL,NULL,18,'2019-06-13 08:21:17','2019-06-13 11:46:35','DELICIOUS 渋谷',NULL,0,1,NULL,NULL,'c14495469f.jpg',NULL,NULL,'1500044','0368090690','東京都','京王井之頭線　神泉駅','東京都渋谷区円山町２２−１２',NULL,NULL,'DELICIOUSは渋谷円山町の飲食店がひしめくグルメ通りにあるアメリカンスタイルのビストロです。\r\nコストパフォーマンスにこだわって最高峰ブラックアンガス牛をリーズナブルな価格でご提供しております。\r\ntripadvisorにも掲載、外国人のお客様もたくさんいらっしゃいます。オーナーの遊び心でカラオケROOMと「謎の部屋」もあります。\r\n1F以外全て貸切対応しております。\r\n肉会に、デートに、変わった遊びに、個室合コンなどに是非ご利用ください。',NULL,NULL,NULL,1,0,'$2a$11$hywO3lY.fdGZclCVNKE65.IbEPIiPwxnA8tI5qfLAk4TURmHF9sWi',NULL,NULL,NULL,2,'2019-06-13 08:38:20','2019-06-13 08:21:17','182.251.21.175','182.251.21.175',NULL,NULL,NULL,NULL,0,NULL,NULL,NULL,NULL,'.','平日18:00-3:00 週末祝前日\r\n18:00-5:00 夜10時以降入店可\r\n夜12時以降入店可、始発まで営業、日曜営業','不定休',0,NULL,NULL,NULL,NULL,NULL,NULL),
	(17,'masa@ebimaru.com',NULL,NULL,10,'2019-06-13 12:44:42','2019-06-13 12:54:07','海老丸らーめん',NULL,0,1,NULL,NULL,'904b61c179.jpeg',NULL,NULL,'101-0065','03-6272-6416','東京都','水道橋','千代田区西神田２−１−１３',NULL,NULL,'JR水道橋駅4分、地下鉄神保町4分。西麻布でフレンチレストランを経営するシェフのラーメン店です。【フレンチとラーメンの融合】をテーマにしたお店で、普段提供するらーめんは勿論、まかないも普通のラーメン店では出てこない内容のものばかり。美味しいまかないを食べたい、変わった食材を食べてみたいという方是非、ご応募ください。',NULL,NULL,NULL,1,0,'$2a$11$RLEdrN1apN/.NqGp5D1fIuoyTZKqawx9T74hQQkcvPjj7r45kENpy',NULL,NULL,NULL,1,'2019-06-13 12:44:42','2019-06-13 12:44:42','106.72.33.32','106.72.33.32',NULL,NULL,NULL,NULL,0,NULL,NULL,NULL,NULL,'オマール海老専門のラーメン店。昼の部、夜の部のシフト制。学生バイト多数在籍。','平日11:30〜15:00 18:00〜22:00\r\n土日祝11:30〜20:00\r\n','月曜日定休（月曜日が祝日の場合、翌火曜日休み）',0,NULL,NULL,NULL,NULL,NULL,NULL),
	(18,'aoyama.issin@gmail.com',NULL,NULL,8,'2019-06-14 03:18:45','2019-06-14 04:16:28','越後へぎそば 青山一真',NULL,0,1,NULL,NULL,'53e9b81444.jpg',NULL,NULL,'1070062','05055954828','東京都','東京メトロ　表参道駅','東京都港区南青山5-10-19 青山真洋ビル B1F',NULL,NULL,'新潟の郷土料理として有名なへぎそば。「へぎ」と呼ばれる木の板に盛られていること、そしてつなぎに布海苔を使用しているのが特徴です。こだわりは生の布海苔を使し8時間じっくり茹でてゼラチン状にしそば粉へ混ぜると、独特の強いコシ、すっきりとした喉ごしが生まれます。おいしいそばをたぐりながら一杯いきたいのが日本酒。有名どころから、中々お目にかかれない日本酒、季節でしか飲めない限定酒などを多く取り揃えています',NULL,NULL,NULL,1,0,'$2a$11$ozpv/HEJHhbc.ly/joPAxemOHC54HHZt42knlHw48h0CnQtiVhbAi',NULL,NULL,NULL,1,'2019-06-14 03:18:45','2019-06-14 03:18:45','182.251.27.96','182.251.27.96',NULL,NULL,NULL,NULL,0,NULL,NULL,NULL,NULL,'.','11:30～15:00 17:30～23:00(L.O22:30)','日曜、祝日',0,NULL,NULL,NULL,NULL,NULL,NULL),
	(19,'gogocooking@axel.ocn.ne.jp',NULL,NULL,6,'2019-06-14 03:55:49','2019-06-14 04:17:15','和Cheese TENSAI',NULL,0,1,NULL,NULL,'efd41f5ced.jpg',NULL,NULL,'1500013','05053032628','東京都','JR 恵比寿駅','渋谷区恵比寿１-９-５ EBISUマルトビル ２F ',NULL,NULL,'大人気ラクレットチーズと和食のマリアージュが彩る新感覚の創作和チーズ専門店。 \r\n人気雑誌や口コミなどで評判の「和cheese天ぷら」は、特別な最新調理法でスチームフライすることで素材の栄養素を残しながらもカロリー50%カットに成功し、女性の方や揚げ物を控えている方にも大人気メニューです。 \r\nオーナー自らこだわった店内は、女性目線を大切にしており、カラフルでPOPに可愛いらしくSNS映えすること間違えなし！ 女子会にも楽しめる料理やオリジナルワイン、大人気のシャーベットレモンサワーなども豊富に取り揃えています。 \r\n一番人気の「TENSAIラクレットチーズ」は、天ぷらにラクレットチーズをたっぷりかけた上にさらに鬼おろしの天つゆをのせた新感覚の一品です。',NULL,NULL,NULL,1,0,'$2a$11$6pPOBSoyNExwyNUQHWvi1e4hlgAhzGPplpDhC8JcN0t.kUc/o91NK',NULL,NULL,NULL,1,'2019-06-14 03:55:49','2019-06-14 03:55:49','182.251.27.96','182.251.27.96',NULL,NULL,NULL,NULL,0,NULL,NULL,NULL,NULL,'.','［月〜金］\r\nランチ　11:30~14:30 \r\nディナー18:00~23:30（LO 23:00）\r\n\r\n［土曜日 祝前日］\r\nディナー17:00~23:00（LO 22:30）\r\n※日曜日 土曜日はランチお休みです。','日曜日定休 ※祝前日の日曜日は営業しております。',0,NULL,NULL,NULL,NULL,NULL,NULL),
	(20,'herosdining@icloud.com',NULL,NULL,12,'2019-06-14 04:39:08','2019-06-14 07:54:22','煌煌庵',NULL,0,1,NULL,NULL,'824401520c.jpg',NULL,NULL,'1500002','0364273336','東京都','JR 渋谷駅','渋谷区渋谷1-13-5 大協渋谷ビル 7F',NULL,NULL,'自慢の藁焼きは当店イチオシの逸品。鹿児島から仕入れた新鮮な鰹を豪快に焼き上げ、水で締めてからすぐにご提供いたします。香りを一番に楽しんでいただきたいため、お醤油ではなくお塩でお召し上がりください。にんにくスライスとわさびをアクセントにするのもおすすめです。お魚の他、お肉やお野菜の藁焼きもございます。',NULL,NULL,NULL,1,0,'$2a$11$dh3O8dzs.zeymJf3DvugsuBUi5GrvzzYemQvwYsQlFPrrLsN9KsVe',NULL,NULL,NULL,1,'2019-06-14 04:39:08','2019-06-14 04:39:08','182.251.27.96','182.251.27.96',NULL,NULL,NULL,NULL,0,NULL,NULL,NULL,NULL,'.','【ランチ】\r\n《平日》11：30～15：00　(LO.14：30)\r\n\r\n【ディナー】\r\n[月～木]17:00～23:30(フードL.O.22:30 ドリンクL.O.23:00)\r\n[金・祝前日]17:00～翌5:00(フードL.O.翌4:00 ドリンクL.O.翌4:30)\r\n[土・日・祝日]15:00～23:30(フードL.O.22:30 ドリンクL.O.23:00)\r\n\r\n日曜営業','無休',0,NULL,NULL,NULL,NULL,NULL,NULL),
	(21,'jawa5@i.softbank.jp',NULL,NULL,11,'2019-06-14 05:39:01','2019-06-14 07:55:02','ギタンジャリ (GITANJALI)',NULL,0,1,NULL,NULL,'5ed6ca2bc5.jpg',NULL,NULL,'8030812','05058909028','福岡県','JR西小倉駅','北九州市小倉北区室町２丁目１１−４',NULL,NULL,'ターメリックやクミン、ガラムマサラ…。独特の味わいを楽しめる数種類のスパイスは、シェフが厳選して仕入れている天然素材！この天然素材を使ったカレーの中でも、『日替わりカレー』が大人気♪850円（税込）とお得な価格でお楽しみいただけます！珍しいインドビールやウイスキーなどとの相性もバッチリです◎',NULL,NULL,NULL,1,0,'$2a$11$3tHzKkFRkHqg7Zlr0ayDR.Y2GgXJSkqZhk2fIajTX9ftq33cWqmq2',NULL,NULL,NULL,1,'2019-06-14 05:39:01','2019-06-14 05:39:01','182.251.27.96','182.251.27.96',NULL,NULL,NULL,NULL,0,NULL,NULL,NULL,NULL,'.','ランチ　11:00～15:00\r\n（L.O.14:30）\r\n\r\n\r\nディナー　17:30～22:30\r\n（L.O.22:00）','年中無休',0,NULL,NULL,NULL,NULL,NULL,NULL),
	(22,'yamamoto@allfarm.co.jp',NULL,NULL,17,'2019-06-14 08:08:33','2019-06-14 10:02:29','WE ARE THE FARM',NULL,0,1,NULL,NULL,'1f18c2c475.jpg',NULL,NULL,'150-0046',' 0364160724','東京都',' 渋谷駅','渋谷区松濤１丁目２８−１１ 高田ビル1F ',NULL,NULL,'自社栽培のオーガニック野菜がウリのお店” デトックス効果大！女性にうれしいケールたっぷりのサラダや新鮮野菜がふんだんに楽しめます。 店内はナチュラル感漂うお洒落な雰囲気。 ランチ～カフェ～女子会をはじめデートやお子様連れのママ会にもご利用いただいています。 結婚式二次会やイベントパーティーなどにも貸切でご利用頂けます。',NULL,NULL,NULL,1,0,'$2a$11$KssWBJvvA/HlHGdxqiUdseBEzQ3c53u6/TeAT/iLUV9XPe53DRHLm',NULL,NULL,NULL,1,'2019-06-14 08:08:33','2019-06-14 08:08:33','182.251.27.96','182.251.27.96',NULL,NULL,NULL,NULL,0,NULL,NULL,NULL,NULL,'.','ランチ 　11:30～1500（Last Order14:30）\r\nディナー 17:00～23:30（Food 22:00 Drink 22:30）\r\n\r\n日曜営業','不定休',0,NULL,NULL,NULL,NULL,NULL,NULL),
	(23,'info@jinco.jp',NULL,NULL,6,'2019-06-19 08:50:59','2019-06-19 11:35:54','武蔵野うどん　じんこ',NULL,0,1,NULL,NULL,'67db523e4c.jpg',NULL,NULL,'1540024','08011660609','東京都','三軒茶屋駅','世田谷区三軒茶屋2-11-11',NULL,NULL,'三軒茶屋駅徒歩２分の場所にある『武蔵野うどん　じんこ　三軒茶屋店』\r\n郷土埼玉に伝わる昔から食されている手打ちの生うどん\r\n\r\n昼はうどんと揚げたての天ぷら、夜は酒肴と種類豊富なお酒を愉しめます',NULL,NULL,NULL,1,0,'$2a$11$VZ7.8WZwBxO8jERMx6hC.uAANc/c/OtmoUpkkNIqBEY3exda.132G',NULL,NULL,NULL,1,'2019-06-19 08:50:59','2019-06-19 08:50:59','106.72.52.64','106.72.52.64',NULL,NULL,NULL,NULL,0,NULL,NULL,NULL,NULL,'うどん好き、あつまれ～！','11:30～14:00(L.O)\r\n※土曜・祝日は12時～営業\r\n17:00～22:30(L.O)\r\n\r\n定休日：日曜','日曜定休日',0,NULL,NULL,NULL,NULL,NULL,NULL),
	(24,'snow122789@icloud.com',NULL,NULL,17,'2019-06-20 07:20:23','2019-06-24 07:04:41','揚八',NULL,0,1,NULL,NULL,'08089007b3.jpeg',NULL,NULL,'530-0001','06-6485-7784','大阪府','JR大阪','北区大深町4-20',NULL,NULL,'梅田の真ん中グランフロントに入っている串カツ専門店！\r\n日替わりの賄い付き（＾ω＾）',NULL,NULL,NULL,1,0,'$2a$11$EMGXvoUYhJNqiDKgQz7h0u4ptIU5ua11RWReu3CNAuEsmTTIAnj3a',NULL,NULL,NULL,3,'2019-06-24 06:58:23','2019-06-21 23:22:45','126.182.201.135','126.53.129.58',NULL,NULL,NULL,NULL,0,NULL,NULL,NULL,NULL,'グランフロント大阪 オシャレな串カツ','11:00〜23:00\r\n','なし',0,NULL,NULL,NULL,NULL,NULL,NULL),
	(25,'t_iwa19730228@docomo.ne.jp',NULL,NULL,17,'2019-06-21 14:54:43','2019-06-23 08:17:08','九志焼亭大手町店',NULL,0,1,NULL,NULL,'298c45242a.jpeg',NULL,NULL,'100-0004','03-6262-5370','東京都','大手町駅','千代田区大手町1-9-2大手町フィナンシャルシティーグランキューブB1F-B110',NULL,NULL,'ランチは鉄板焼きをメインとして、オフィス関係のワーカーが100名ほどご来店頂きます。\r\nディナーは、全く別の鍬焼きという大阪名物の串焼き料理をメインとした営業をしています。\r\n賄いは、その日のリクエストに出来る限りお答えしようとしております。\r\n私たち料理人のスキルアップの為にどんどんリクエストしてください。',NULL,NULL,NULL,1,0,'$2a$11$IwOTcVZh5eGRIecIargOKeC4AsVW.ysusateJuCz53UuLscgIUQ5a',NULL,NULL,NULL,2,'2019-06-23 08:17:08','2019-06-21 14:54:43','126.161.170.48','180.59.49.83',NULL,NULL,NULL,NULL,0,NULL,NULL,NULL,NULL,'元々は大阪のお店なので明るく楽しく伸び伸びと仕事をしてもらってます。','ランチ11時から2時半\r\nディナー17時から23時まで','土曜、日曜、祝日',0,NULL,NULL,NULL,NULL,NULL,NULL),
	(26,'sibagakiyuta@gmail.comq',NULL,NULL,12,'2019-06-26 14:59:13','2019-06-26 15:08:03','豊かざかり',NULL,0,1,NULL,NULL,'25e95cabe6.jpg',NULL,NULL,'.','.','東京都','JR　新宿駅','新宿区歌舞伎町1-6-7 三経38ビル 5F',NULL,NULL,'新宿駅東口から徒歩2分、アクセル便利な九州料理居酒屋\r\n\r\n「新宿」駅から徒歩2分のところにある【豊かざかり】は、指定農家から直送の「みちのく鶏」「比内地鶏」などのブランド素材が食べられる和風居酒屋です。それぞれ特色のある個室で、お客様のご予算に応じた鍋コース料理を味わうことができます。特にお勧めは、お刺身からデザートまで味わえる豪華な『オープン記念特別コース』。浜とお醤油の香ばしさが漂う『ホタテ浜焼き』やお鍋が付いてリーズナブルに味わえる贅沢なコースです。間接照明の灯りが素敵なデート向きの個室や、大事なお取引先様を招いての接待におすすめの個室もございます。少人数から、大人数のご予約も承っておりますので、お気軽にお問い合わせください。',NULL,NULL,NULL,1,0,'$2a$11$IL1gXvHW73i0tU2a8fpZWOH3XXiwjsHRtZZO9TNDIhNNQheFFjMJu',NULL,NULL,NULL,1,'2019-06-26 14:59:13','2019-06-26 14:59:13','103.5.140.140','103.5.140.140',NULL,NULL,NULL,NULL,0,NULL,NULL,NULL,NULL,'.','.','不定休',0,NULL,NULL,NULL,NULL,NULL,NULL),
	(27,'sibagakiyuta@gmail.com',NULL,NULL,18,'2019-06-26 15:14:21','2019-06-27 02:49:08','肉道　新宿店',NULL,0,1,NULL,NULL,'ef1aeccf61.jpg',NULL,NULL,'.','050-5595-2335','東京都','JR　新宿駅','新宿区歌舞伎町1-17-11 プレーンシティ新宿 5F',NULL,NULL,'新宿徒歩2分！個室空間◎3時間飲み放題付3000円！種類豊富なワインも取り揃えております◎\r\n新宿駅徒歩2分！少人数様～ご利用可能な個室完備！\r\n3時間飲み放題付種類豊富なワイン\r\n誕生日特典などお得なクーポンも◎飲み会,宴会に\r\n新宿東口徒歩3分歌舞伎町のすぐ近く♪個室席完備2名様～ご案内可能！\r\n3時間飲み放題付コース3000円～！自慢の肉バル料理をお届け！\r\n話題沸騰中の飲み放題コースもご用意しております\r\n【幹事様無料】6名様以上のご利用で1名様無料\r\n【誕生月特典】メッセージ入りデザートプレート贈呈',NULL,NULL,NULL,1,0,'$2a$11$s50nHW32w84wc5tmXB2gOeEd0R34mx1BvR7twosAks7gqgK03W2m.',NULL,NULL,NULL,1,'2019-06-26 15:14:21','2019-06-26 15:14:21','103.5.140.134','103.5.140.134',NULL,NULL,NULL,NULL,0,NULL,NULL,NULL,NULL,'.','.','不定休',0,NULL,NULL,NULL,NULL,NULL,NULL),
	(28,'sibagakiyuta@gmail.coma',NULL,NULL,12,'2019-06-27 04:07:24','2019-06-27 05:32:17','嬉酔',NULL,0,1,NULL,NULL,'372d26f705.jpg',NULL,NULL,'.','03-6380-6451','東京都','JR 水道橋駅','千代田区神田三崎町３-7-13 4F',NULL,NULL,'日本らしさを象徴する木造の個室席♪プライベートなお時間を大切に、ゆったりとご利用頂ける個室空間を各種ご用意しております。2名様～ご利用可能な和モダンのオシャレな居酒屋です★',NULL,NULL,NULL,1,0,'$2a$11$BaQ.vqdklqjctbjCXF.Lge5YYGDdEp82yhBfy1E0A8qHnp22UMt2q',NULL,NULL,NULL,1,'2019-06-27 04:07:24','2019-06-27 04:07:24','27.110.1.22','27.110.1.22',NULL,NULL,NULL,NULL,0,NULL,NULL,NULL,NULL,'.','平日含め全日11:00～24:00まで元気に営業中♪','不定休',0,NULL,NULL,NULL,NULL,NULL,NULL),
	(29,'sibagakiyuta@gmail.comb',NULL,NULL,12,'2019-06-27 04:26:11','2019-06-27 05:31:46','生粋',NULL,0,1,NULL,NULL,'9a3bfc0438.jpg',NULL,NULL,'.','050-3373-1526','東京都','.',' 千葉県船橋市本町4-43-20 1F',NULL,NULL,'一本一本丁寧に手打ちして、備長炭で焼き上げた『炭火串焼き』や\r\n上赤身、コウネなど新鮮な『桜刺』をご提供しております!\r\nユッケ寿司もご用意あり!ぜひご賞味下さい。\r\n\r\n《選べる鍋!3時間飲み放題付 宴会,歓送迎会向けコース》\r\n・全10品『紅梅 -KOBAI-コース』4480円⇒3480円\r\n・全11品『竹庵 -CHIKUAN-コース』4980円⇒3980円\r\n\r\n《当店イチオシ!肉寿司コース》\r\n・3時間飲み放題付8品「自家製つくね×炙り肉寿司食べ放題コース」3980円⇒2980円\r\n・桜ユッケ寿司含む★3時間飲み放題付10品「皐月-SATSUKI-コース」4480円⇒3480円\r\n\r\n《日～木限定!3時間飲み放題付宴会コース》\r\n・全8品『一 -HAJIME-コース』3980円⇒2980円\r\n\r\nお得なクーポンを多数ご用意!\r\n歓送迎会,宴会,女子会,誕生日,二次会,貸切にも◎',NULL,NULL,NULL,1,0,'$2a$11$RyPeCXCkb0XfD0jetn0hkOWpTjHnzkZgQjxVqRC8KwJOOYY0kXuHu',NULL,NULL,NULL,1,'2019-06-27 04:26:11','2019-06-27 04:26:11','27.110.1.22','27.110.1.22',NULL,NULL,NULL,NULL,0,NULL,NULL,NULL,NULL,'.','月～木\r\n15:00～24:00\r\n\r\n金・土・祝前日\r\n15:00～翌4:30\r\n\r\n日・祝日\r\n12:00～24:00','不定休',0,NULL,NULL,NULL,NULL,NULL,NULL);

/*!40000 ALTER TABLE `restaurants` ENABLE KEYS */;
UNLOCK TABLES;


# テーブルのダンプ schema_migrations
# ------------------------------------------------------------

DROP TABLE IF EXISTS `schema_migrations`;

CREATE TABLE `schema_migrations` (
  `version` varchar(255) NOT NULL,
  PRIMARY KEY (`version`)
) ENGINE=InnoDB DEFAULT CHARSET=utf8 ROW_FORMAT=DYNAMIC;

LOCK TABLES `schema_migrations` WRITE;
/*!40000 ALTER TABLE `schema_migrations` DISABLE KEYS */;

INSERT INTO `schema_migrations` (`version`)
VALUES
	('20171222015937');

/*!40000 ALTER TABLE `schema_migrations` ENABLE KEYS */;
UNLOCK TABLES;


# テーブルのダンプ shifts
# ------------------------------------------------------------

DROP TABLE IF EXISTS `shifts`;

CREATE TABLE `shifts` (
  `id` int(11) NOT NULL AUTO_INCREMENT,
  `name` varchar(255) DEFAULT NULL,
  `created_at` datetime NOT NULL,
  `updated_at` datetime NOT NULL,
  PRIMARY KEY (`id`)
) ENGINE=InnoDB DEFAULT CHARSET=utf8 ROW_FORMAT=DYNAMIC;

LOCK TABLES `shifts` WRITE;
/*!40000 ALTER TABLE `shifts` DISABLE KEYS */;

INSERT INTO `shifts` (`id`, `name`, `created_at`, `updated_at`)
VALUES
	(1,'シフト自由','2019-05-24 10:05:05','2019-05-24 10:05:05'),
	(2,'平日のみOK','2019-05-24 10:05:05','2019-05-24 10:05:05'),
	(3,'週2・3日からOK','2019-05-24 10:05:05','2019-05-24 10:05:05'),
	(4,'時間固定シフト制','2019-05-24 10:05:05','2019-05-24 10:05:05'),
	(5,'土日祝のみOK','2019-05-24 10:05:05','2019-05-24 10:05:05'),
	(6,'週1日からOK','2019-05-24 10:05:05','2019-05-24 10:05:05'),
	(7,'週4日以上OK','2019-05-24 10:05:05','2019-05-24 10:05:05'),
	(8,'シフト制','2019-05-24 10:05:05','2019-05-24 10:05:05'),
	(9,'シフト提出(月毎)','2019-05-24 10:05:05','2019-05-24 10:05:05'),
	(10,'早朝・朝 ５時〜１２時','2019-05-24 10:05:05','2019-05-24 10:05:05'),
	(11,'昼　１２時〜','2019-05-24 10:05:05','2019-05-24 10:05:05'),
	(12,'夕方 １６時〜','2019-05-24 10:05:05','2019-05-24 10:05:05'),
	(13,'夜　１９時〜','2019-05-24 10:05:05','2019-05-24 10:05:05'),
	(14,'深夜・夜勤 22時〜５時','2019-05-24 10:05:05','2019-05-24 10:05:05'),
	(15,'フルタイム歓迎','2019-05-24 10:05:05','2019-05-24 10:05:05'),
	(16,'短時間勤務(１日４時間以内)','2019-05-24 10:05:05','2019-05-24 10:05:05'),
	(17,'長期・短期歓迎','2019-05-24 10:05:05','2019-05-24 10:05:05');

/*!40000 ALTER TABLE `shifts` ENABLE KEYS */;
UNLOCK TABLES;


# テーブルのダンプ stations
# ------------------------------------------------------------

DROP TABLE IF EXISTS `stations`;

CREATE TABLE `stations` (
  `id` int(11) NOT NULL AUTO_INCREMENT,
  `name` varchar(255) DEFAULT NULL,
  `zipcode` varchar(255) DEFAULT NULL,
  `address` varchar(255) DEFAULT NULL,
  `created_at` datetime NOT NULL,
  `updated_at` datetime NOT NULL,
  PRIMARY KEY (`id`)
) ENGINE=InnoDB DEFAULT CHARSET=utf8 ROW_FORMAT=DYNAMIC;



# テーブルのダンプ subscriptions
# ------------------------------------------------------------

DROP TABLE IF EXISTS `subscriptions`;

CREATE TABLE `subscriptions` (
  `id` int(11) NOT NULL AUTO_INCREMENT,
  `payjp_id` varchar(255) NOT NULL,
  `restaurant_id` int(11) DEFAULT NULL,
  `status` int(11) NOT NULL,
  `current_period_start` int(11) DEFAULT NULL,
  `current_period_end` int(11) DEFAULT NULL,
  `trial_start` int(11) DEFAULT NULL,
  `trial_end` int(11) DEFAULT NULL,
  `canceled_at` int(11) DEFAULT NULL,
  `created_at` datetime DEFAULT NULL,
  `updated_at` datetime DEFAULT NULL,
  PRIMARY KEY (`id`)
) ENGINE=InnoDB DEFAULT CHARSET=utf8 ROW_FORMAT=DYNAMIC;



# テーブルのダンプ work_categories
# ------------------------------------------------------------

DROP TABLE IF EXISTS `work_categories`;

CREATE TABLE `work_categories` (
  `id` int(11) NOT NULL AUTO_INCREMENT,
  `name` varchar(255) DEFAULT NULL,
  `created_at` datetime NOT NULL,
  `updated_at` datetime NOT NULL,
  PRIMARY KEY (`id`)
) ENGINE=InnoDB DEFAULT CHARSET=utf8 ROW_FORMAT=DYNAMIC;

LOCK TABLES `work_categories` WRITE;
/*!40000 ALTER TABLE `work_categories` DISABLE KEYS */;

INSERT INTO `work_categories` (`id`, `name`, `created_at`, `updated_at`)
VALUES
	(1,'サービス・ホール','2019-05-24 10:05:05','2019-05-24 10:05:05'),
	(2,'調理スタッフ','2019-05-24 10:05:05','2019-05-24 10:05:05'),
	(3,'店長候補・マネージャー','2019-05-24 10:05:05','2019-05-24 10:05:05'),
	(4,'料理長候補（シェフ・板長など）','2019-05-24 10:05:05','2019-05-24 10:05:05'),
	(5,'調理補助・調理見習い','2019-05-24 10:05:05','2019-05-24 10:05:05'),
	(6,'洗い場・皿洗い','2019-05-24 10:05:05','2019-05-24 10:05:05'),
	(7,'販売スタッフ','2019-05-24 10:05:05','2019-05-24 10:05:05'),
	(8,'サービス・ホール・厨房','2019-05-24 10:05:05','2019-05-24 10:05:05'),
	(9,'その他','2019-05-24 10:05:05','2019-05-24 10:05:05');

/*!40000 ALTER TABLE `work_categories` ENABLE KEYS */;
UNLOCK TABLES;


# テーブルのダンプ work_shifts
# ------------------------------------------------------------

DROP TABLE IF EXISTS `work_shifts`;

CREATE TABLE `work_shifts` (
  `id` int(11) NOT NULL AUTO_INCREMENT,
  `work_id` int(11) DEFAULT NULL,
  `shift_id` int(11) DEFAULT NULL,
  `created_at` datetime NOT NULL,
  `updated_at` datetime NOT NULL,
  PRIMARY KEY (`id`)
) ENGINE=InnoDB DEFAULT CHARSET=utf8 ROW_FORMAT=DYNAMIC;

LOCK TABLES `work_shifts` WRITE;
/*!40000 ALTER TABLE `work_shifts` DISABLE KEYS */;

INSERT INTO `work_shifts` (`id`, `work_id`, `shift_id`, `created_at`, `updated_at`)
VALUES
	(35,5,1,'2019-06-13 12:55:23','2019-06-13 12:55:23'),
	(36,5,3,'2019-06-13 12:55:23','2019-06-13 12:55:23'),
	(37,5,7,'2019-06-13 12:55:23','2019-06-13 12:55:23'),
	(38,5,8,'2019-06-13 12:55:23','2019-06-13 12:55:23'),
	(39,5,15,'2019-06-13 12:55:23','2019-06-13 12:55:23'),
	(40,6,17,'2019-06-20 07:35:00','2019-06-20 07:35:00'),
	(52,3,1,'2019-06-24 17:33:21','2019-06-24 17:33:21'),
	(53,3,6,'2019-06-24 17:33:21','2019-06-24 17:33:21'),
	(54,3,15,'2019-06-24 17:33:21','2019-06-24 17:33:21'),
	(55,3,17,'2019-06-24 17:33:21','2019-06-24 17:33:21');

/*!40000 ALTER TABLE `work_shifts` ENABLE KEYS */;
UNLOCK TABLES;


# テーブルのダンプ works
# ------------------------------------------------------------

DROP TABLE IF EXISTS `works`;

CREATE TABLE `works` (
  `id` int(11) NOT NULL AUTO_INCREMENT,
  `hourly_wage` int(11) DEFAULT NULL,
  `qualification` varchar(255) DEFAULT NULL,
  `part_period` int(11) DEFAULT NULL,
  `uniform_flag` tinyint(1) NOT NULL DEFAULT '0',
  `recruitment_flag` tinyint(1) NOT NULL DEFAULT '0',
  `verification_flag` int(11) NOT NULL DEFAULT '0',
  `work_category_id` int(11) DEFAULT NULL,
  `restaurant_id` int(11) DEFAULT NULL,
  `created_at` datetime NOT NULL,
  `updated_at` datetime NOT NULL,
  PRIMARY KEY (`id`)
) ENGINE=InnoDB DEFAULT CHARSET=utf8 ROW_FORMAT=DYNAMIC;

LOCK TABLES `works` WRITE;
/*!40000 ALTER TABLE `works` DISABLE KEYS */;

INSERT INTO `works` (`id`, `hourly_wage`, `qualification`, `part_period`, `uniform_flag`, `recruitment_flag`, `verification_flag`, `work_category_id`, `restaurant_id`, `created_at`, `updated_at`)
VALUES
	(1,1000,'応募資格：初心者・未経験者大歓迎!  経験者優（研修制度有り）\r\n勤務の種類:鮮魚加工・調理・ホール\r\n制服：ジーンズにスニーカーといった動きやすい服装で大丈夫です。',5,0,1,1,8,10,'2019-05-28 07:35:54','2019-06-24 18:22:08'),
	(2,1000,'1',0,0,1,0,3,2,'2019-05-28 08:01:25','2019-05-28 08:05:31'),
	(3,1000,'応募資格:年齢・経験不問（経験者優遇）\r\n勤務の種類：キッチン・サービス・ホール\r\n',5,1,1,1,8,11,'2019-05-28 14:07:13','2019-06-24 18:24:27'),
	(4,1000,'１９歳～４５歳くらいまで　\r\nまじめな方',5,1,1,1,5,14,'2019-06-12 05:35:35','2019-06-12 05:55:50'),
	(5,1000,'誰でもOK',5,1,1,1,1,17,'2019-06-13 12:55:23','2019-06-13 12:55:50'),
	(6,1000,'18歳〜',0,0,0,1,8,24,'2019-06-20 07:35:00','2019-06-20 21:15:22');

/*!40000 ALTER TABLE `works` ENABLE KEYS */;
UNLOCK TABLES;



/*!40111 SET SQL_NOTES=@OLD_SQL_NOTES */;
/*!40101 SET SQL_MODE=@OLD_SQL_MODE */;
/*!40014 SET FOREIGN_KEY_CHECKS=@OLD_FOREIGN_KEY_CHECKS */;
/*!40101 SET CHARACTER_SET_CLIENT=@OLD_CHARACTER_SET_CLIENT */;
/*!40101 SET CHARACTER_SET_RESULTS=@OLD_CHARACTER_SET_RESULTS */;
/*!40101 SET COLLATION_CONNECTION=@OLD_COLLATION_CONNECTION */;
